AAGGAG	0.165	0.183863885839737	0.005	0.00329308452250274	0.065
AAGAGG	0.235	0.201427003293085	0.01	0.00713501646542261	0.044
AAGAAG	0.265	0.221185510428101	0.005	0.0021953896816685	0.048
AAGAGA	0.25	0.176728869374314	0	0.00878155872667398	0.047
AAGAGC	0.14	0.154226125137212	0.005	0.00384193194291987	0.05
AAGCAG	0.09	0.193743139407245	0.005	0.00713501646542261	0.052
GAGGAG	0.38	0.321075740944018	0.02	0.0142700329308452	0.053
AAGGGA	0.16	0.148737650933041	0.01	0.00548847420417124	0.046
AAGGCG	0.03	0.044456641053787	0	0.00329308452250274	0.038
AAGGGG	0.19	0.136114160263447	0	0.00878155872667398	0.041
GAGAAG	0.25	0.229967069154775	0	0.00933040614709111	0.055
AAGGAA	0.12	0.186608122941822	0	0.00713501646542261	0.057
AAGAAA	0.36	0.223929747530187	0	0.00329308452250274	0.044
CAGAGG	0.335	0.301317233809001	0.02	0.00713501646542261	0.052
AAGCGG	0.06	0.044456641053787	0	0.00164654226125137	0.055
CAGAGA	0.24	0.248627881448957	0	0.00878155872667398	0.046
AGGAAG	0.29	0.290340285400659	0.005	0.00878155872667398	0.055
AAGGGC	0.145	0.123490669593853	0.005	0.00987925356750823	0.048
AAGCGC	0.03	0.0345773874862788	0	0.00329308452250274	0.041
GAGCAG	0.15	0.249725576289791	0.005	0.00987925356750823	0.051
CAGGGA	0.22	0.25576289791438	0.005	0.0120746432491767	0.044
GAGAAA	0.235	0.177826564215148	0	0.00493962678375412	0.053
CAGAAG	0.215	0.231613611416026	0.015	0.00713501646542261	0.047
GAGGGA	0.21	0.210757409440176	0.005	0.0109769484083425	0.047
AGGAAA	0.23	0.204720087815587	0.01	0.00603732162458836	0.053
GAGAGA	0.22	0.306256860592755	0.01	0.0115257958287596	0.05
CAGGGG	0.19	0.212403951701427	0.005	0.00878155872667398	0.063
CAGGAG	0.27	0.436882546652031	0	0.0170142700329308	0.039
AAGCGA	0.015	0.0214050493962678	0	0	0.057
GAGGGG	0.245	0.227222832052689	0.005	0.0153677277716795	0.046
AGGGAG	0.245	0.276619099890231	0.015	0.0164654226125137	0.053
CAGAGC	0.25	0.24807903402854	0.005	0.00603732162458836	0.043
AGGCAG	0.255	0.275521405049396	0.03	0.0170142700329308	0.049
AGGAGG	0.38	0.369923161361142	0.01	0.017563117453348	0.065
CCGGGA	0.095	0.0801317233809001	0	0.00384193194291987	0.055
CAGCGG	0.095	0.107574094401756	0.01	0.00329308452250274	0.055
ACGAGA	0.01	0.0334796926454446	0	0.00164654226125137	0.058
CCGAGA	0.07	0.0537870472008782	0	0.000548847420417124	0.045
CAGCAG	0.255	0.302963776070252	0.005	0.0137211855104281	0.04
ACGGGA	0.045	0.0697036223929748	0	0.00384193194291987	0.049
ACGGAG	0.065	0.0493962678375412	0	0.00329308452250274	0.044
ACGAGG	0.04	0.0367727771679473	0	0.00164654226125137	0.054
AAGGAC	0.175	0.109769484083425	0	0.00384193194291987	0.038
AGGAGA	0.225	0.237650933040615	0.01	0.0115257958287596	0.046
AAGGCA	0.165	0.164654226125137	0.015	0.00768386388583974	0.051
GCGGGA	0.11	0.0878155872667399	0	0.00439077936333699	0.05
GCGAGA	0.025	0.0318331503841932	0.005	0.00274423710208562	0.037
CAGCGA	0.055	0.048847420417124	0	0	0.048
GCGAGC	0.06	0.0565312843029638	0	0.00109769484083425	0.054
GAGGGC	0.275	0.177826564215148	0.015	0.00658616904500549	0.063
CCGAGC	0.06	0.0598243688254665	0	0.00274423710208562	0.06
AGGGGA	0.165	0.191547749725576	0.01	0.0137211855104281	0.046
ACGGGG	0.02	0.0554335894621295	0	0.00109769484083425	0.068
GAGAGG	0.19	0.223929747530187	0	0.0170142700329308	0.053
CAGAAA	0.165	0.188254665203074	0	0.00548847420417124	0.044
ACGCAG	0.03	0.0406147091108672	0	0.00164654226125137	0.048
GAGAGC	0.13	0.153677277716795	0.005	0.00878155872667398	0.047
CGGCGG	0.105	0.109769484083425	0	0.00274423710208562	0.051
CAGGGC	0.265	0.244785949506037	0.02	0.0109769484083425	0.048
AGGGCG	0.045	0.053238199780461	0.005	0.00109769484083425	0.053
AAGCAA	0.145	0.118002195389682	0.005	0.000548847420417124	0.044
AAGAAC	0.09	0.121844127332602	0	0.00164654226125137	0.027
GCGCGG	0.045	0.0691547749725576	0	0.0021953896816685	0.043
GAGCGG	0.065	0.0773874862788145	0	0.00274423710208562	0.055
CGGGAG	0.175	0.110867178924259	0	0.00603732162458836	0.06
CGGAGG	0.135	0.0933040614709111	0	0.00329308452250274	0.057
CAGGAA	0.285	0.260702524698134	0.015	0.00439077936333699	0.05
AGGGAA	0.15	0.178924259055982	0	0.00493962678375412	0.052
AAGCCG	0.04	0.0384193194291987	0	0.00109769484083425	0.054
GGGGAG	0.21	0.255214050493963	0	0.0181119648737651	0.046
GCGGAG	0.14	0.0878155872667399	0	0.00274423710208562	0.048
GAGGAA	0.225	0.226125137211855	0.005	0.00713501646542261	0.034
CCGAGG	0.125	0.0861690450054885	0.005	0.00274423710208562	0.044
ACGAGC	0.04	0.0296377607025247	0	0.0021953896816685	0.032
AAGACG	0.02	0.0312843029637761	0	0.0021953896816685	0.051
AAGACC	0.08	0.0960482985729967	0	0.000548847420417124	0.067
AAGACA	0.175	0.154774972557629	0.005	0.0021953896816685	0.053
GCGGGC	0.09	0.103732162458836	0	0.00603732162458836	0.054
GCGAGG	0.05	0.0614709110867179	0	0.00274423710208562	0.053
CAGGCG	0.07	0.08397365532382	0	0.00274423710208562	0.07
AGGAAC	0.115	0.137211855104281	0.01	0.00439077936333699	0.045
ACGGCG	0.025	0.0170142700329308	0	0.00109769484083425	0.059
AAGGCC	0.1	0.121295279912184	0	0.00109769484083425	0.049
GGGAGG	0.32	0.369374313940724	0.015	0.0236004390779363	0.051
GGGAGC	0.185	0.172338090010977	0.005	0.0120746432491767	0.062
GGGAGA	0.22	0.217343578485181	0.005	0.0153677277716795	0.046
GGGAAG	0.225	0.260153677277717	0	0.0137211855104281	0.053
GCGGGG	0.14	0.119648737650933	0	0.00493962678375412	0.075
GCGGAC	0.055	0.0274423710208562	0.005	0.00164654226125137	0.054
GCGCGA	0.02	0.0120746432491767	0	0	0.052
GCGCAG	0.055	0.0686059275521405	0	0.00274423710208562	0.047
GCGCAA	0.015	0.0203073545554336	0	0.000548847420417124	0.06
GAGGCA	0.18	0.199231613611416	0	0.0120746432491767	0.05
GAGCGC	0.04	0.0598243688254665	0	0.00274423710208562	0.058
GAGCGA	0.02	0.053238199780461	0	0.00274423710208562	0.044
GAGAAC	0.105	0.122392974753019	0.005	0.00548847420417124	0.037
CGGCAG	0.035	0.0653128430296378	0	0.00274423710208562	0.052
CGGAGC	0.095	0.0779363336992316	0	0.00274423710208562	0.046
CCGGCC	0.15	0.0724478594950604	0	0.00329308452250274	0.055
CCGCGA	0.03	0.0181119648737651	0	0	0.032
CCGAAG	0.05	0.0450054884742042	0.005	0.000548847420417124	0.059
CAGGCA	0.185	0.192096597145993	0.01	0.00658616904500549	0.056
CAGCAC	0.175	0.171240395170143	0	0.00823271130625686	0.036
AGGGGG	0.175	0.153677277716795	0	0.00713501646542261	0.052
AGGAGC	0.18	0.21569703622393	0.015	0.00933040614709111	0.051
AGAGGA	0.245	0.25576289791438	0.01	0.0126234906695939	0.04
ACGCGC	0.015	0.017563117453348	0	0	0.047
ACGCCC	0.115	0.0499451152579583	0.005	0	0.045
ACGAAG	0.025	0.0274423710208562	0	0.000548847420417124	0.055
GGGACG	0.04	0.0592755214050494	0.005	0.00493962678375412	0.042
GGGAAC	0.145	0.111964873765093	0.015	0.00713501646542261	0.057
GGGAAA	0.17	0.170691547749726	0	0.00768386388583974	0.064
GCGGCG	0.075	0.108671789242591	0	0.0021953896816685	0.055
GCGGAA	0.04	0.0433589462129528	0	0.00109769484083425	0.05
GCGCCG	0.06	0.0455543358946213	0	0.00109769484083425	0.058
GCGAAG	0.02	0.0296377607025247	0	0.00164654226125137	0.045
GCAGAG	0.165	0.281558726673985	0.01	0.0142700329308452	0.059
GAGCCG	0.08	0.062019758507135	0	0.00439077936333699	0.046
GAGCCA	0.23	0.195389681668496	0	0.00603732162458836	0.046
GAGCAC	0.24	0.159714599341383	0.01	0.00768386388583974	0.046
GAGCAA	0.16	0.129527991218441	0.005	0.00439077936333699	0.047
GAGACG	0.03	0.0515916575192097	0.005	0.0021953896816685	0.055
GAGACC	0.1	0.136663007683864	0	0.00493962678375412	0.049
GACCAG	0.15	0.148737650933041	0.01	0.00548847420417124	0.055
CGGGGA	0.075	0.0845225027442371	0.005	0.00493962678375412	0.055
CCGGGC	0.07	0.0900109769484083	0.01	0.00329308452250274	0.056
CCGGAA	0.065	0.0515916575192097	0	0.000548847420417124	0.044
CCGCGC	0.055	0.0477497255762898	0	0	0.065
CCGCAA	0.035	0.026344676180022	0	0.00164654226125137	0.049
CCGACG	0.015	0.0197585071350165	0	0	0.045
CCAGCC	0.285	0.285949506037322	0.005	0.00933040614709111	0.044
CAGCCC	0.235	0.235455543358946	0	0.00548847420417124	0.043
CAGCCA	0.24	0.261251372118551	0.015	0.00603732162458836	0.051
CAGAAC	0.105	0.138858397365532	0	0.00603732162458836	0.045
CACGCA	0.045	0.0790340285400659	0	0.00603732162458836	0.05
AGGGGC	0.2	0.192096597145993	0.005	0.0104281009879254	0.049
AGGGAC	0.12	0.148188803512623	0.01	0.00823271130625686	0.042
AGGCGG	0.105	0.0949506037321625	0	0.00493962678375412	0.05
AGGCGA	0.05	0.0378704720087816	0	0.00164654226125137	0.055
AGGACC	0.205	0.142700329308452	0.015	0.00493962678375412	0.044
ACGGGC	0.01	0.0301866081229418	0	0.00164654226125137	0.056
ACGGCA	0.03	0.0373216245883644	0	0.000548847420417124	0.042
ACGCGG	0.08	0.0268935236004391	0.005	0.00384193194291987	0.066
ACGCGA	0	0.00878155872667398	0	0	0.041
ACGCAC	0.015	0.0653128430296378	0	0.00548847420417124	0.046
AACCAG	0.1	0.121844127332602	0	0.00439077936333699	0.041
AACAAA	0.2	0.144895718990121	0.005	0.00384193194291987	0.047
